run,sim_minute,hour_of_day,zone_temp_c,outdoor_temp_c,occupancy_fraction,pmv,cooling_setpoint,heating_setpoint,fan_flow_fraction,instantaneous_kw,cumulative_kwh
baseline,15,0.25,22.05,23.01,0.05,-0.14,26.0,16.0,1.0,0.75,0.188
baseline,30,0.5,22.09,23.05,0.05,-0.13,26.0,16.0,1.0,0.75,0.375
baseline,45,0.75,22.16,23.12,0.05,-0.11,26.0,16.0,1.0,0.75,0.562
baseline,60,1.0,22.2,23.2,0.05,-0.1,26.0,16.0,1.0,0.75,0.75
baseline,75,1.25,22.26,23.32,0.05,-0.08,26.0,16.0,1.0,0.75,0.938
baseline,90,1.5,22.32,23.46,0.05,-0.06,26.0,16.0,1.0,0.75,1.125
baseline,105,1.75,22.37,23.62,0.05,-0.04,26.0,16.0,1.0,0.75,1.312
baseline,120,2.0,22.44,23.8,0.05,-0.02,26.0,16.0,1.0,0.75,1.5
baseline,135,2.25,22.5,24.01,0.05,-0.0,26.0,16.0,1.0,0.75,1.688
baseline,150,2.5,22.58,24.24,0.05,0.03,26.0,16.0,1.0,0.75,1.875
baseline,165,2.75,22.65,24.49,0.05,0.05,26.0,16.0,1.0,0.75,2.062
baseline,180,3.0,22.73,24.76,0.05,0.07,26.0,16.0,1.0,0.75,2.25
baseline,195,3.25,22.84,25.04,0.05,0.11,26.0,16.0,1.0,0.75,2.438
baseline,210,3.5,22.99,25.35,0.05,0.16,26.0,16.0,1.0,0.75,2.625
baseline,225,3.75,23.1,25.67,0.05,0.19,26.0,16.0,1.0,0.75,2.812
baseline,240,4.0,23.22,26.0,0.05,0.23,26.0,16.0,1.0,0.75,3.0
baseline,255,4.25,23.38,26.35,0.05,0.28,26.0,16.0,1.0,0.75,3.188
baseline,270,4.5,23.57,26.7,0.05,0.34,26.0,16.0,1.0,0.75,3.375
baseline,285,4.75,23.75,27.07,0.05,0.4,26.0,16.0,1.0,0.75,3.562
baseline,300,5.0,23.92,27.45,0.05,0.46,26.0,16.0,1.0,0.75,3.75
baseline,315,5.25,24.14,27.83,0.05,0.53,26.0,16.0,1.0,0.75,3.938
baseline,330,5.5,24.32,28.22,0.05,0.58,26.0,16.0,1.0,0.75,4.125
baseline,345,5.75,24.55,28.61,0.05,0.66,26.0,16.0,1.0,0.75,4.312
baseline,360,6.0,24.75,29.0,0.05,0.72,26.0,16.0,1.0,0.75,4.5
baseline,375,6.25,24.96,29.39,0.05,0.79,26.0,16.0,1.0,0.75,4.688
baseline,390,6.5,25.17,29.78,0.05,0.86,26.0,16.0,1.0,0.75,4.875
baseline,405,6.75,25.41,30.17,0.05,0.93,26.0,16.0,1.0,0.75,5.062
baseline,420,7.0,25.68,30.55,0.05,1.02,26.0,16.0,1.0,0.75,5.25
baseline,435,7.25,25.92,30.93,0.05,1.09,26.0,16.0,1.0,0.75,5.438
baseline,450,7.5,26.19,31.3,0.05,1.18,26.0,16.0,1.0,0.75,5.625
baseline,465,7.75,26.33,31.65,0.05,1.23,26.0,16.0,1.0,1.422,5.98
baseline,480,8.0,26.36,32.0,1.0,1.24,26.0,16.0,1.0,1.904,6.456
baseline,495,8.25,25.64,32.33,1.0,1.0,23.0,21.0,1.0,6.75,8.144
baseline,510,8.5,24.94,32.65,1.0,0.78,23.0,21.0,1.0,6.75,9.831
baseline,525,8.75,24.29,32.96,1.0,0.57,23.0,21.0,1.0,6.75,11.519
baseline,540,9.0,24.01,33.24,1.0,0.48,23.0,21.0,1.0,5.26,12.834
baseline,555,9.25,24.0,33.51,1.0,0.48,23.0,21.0,1.0,4.29,13.906
baseline,570,9.5,23.99,33.76,1.0,0.48,23.0,21.0,1.0,4.236,14.965
baseline,585,9.75,24.0,33.99,1.0,0.48,23.0,21.0,1.0,4.219,16.02
baseline,600,10.0,24.02,34.2,1.0,0.49,23.0,21.0,1.0,4.236,17.079
baseline,615,10.25,24.03,34.38,1.0,0.49,23.0,21.0,1.0,4.337,18.163
baseline,630,10.5,24.04,34.54,1.0,0.49,23.0,21.0,1.0,4.367,19.255
baseline,645,10.75,24.07,34.68,1.0,0.5,23.0,21.0,1.0,4.374,20.349
baseline,660,11.0,24.08,34.8,1.0,0.51,23.0,21.0,1.0,4.508,21.476
baseline,675,11.25,24.06,34.88,1.0,0.5,23.0,21.0,1.0,4.541,22.611
baseline,690,11.5,24.08,34.95,1.0,0.51,23.0,21.0,1.0,4.472,23.729
baseline,705,11.75,24.09,34.99,1.0,0.51,23.0,21.0,1.0,4.543,24.865
baseline,720,12.0,24.11,35.0,1.0,0.52,23.0,21.0,1.0,4.559,26.005
baseline,735,12.25,24.11,34.99,1.0,0.51,23.0,21.0,1.0,4.643,27.165
baseline,750,12.5,24.08,34.95,1.0,0.51,23.0,21.0,1.0,4.632,28.323
baseline,765,12.75,24.12,34.88,1.0,0.52,23.0,21.0,1.0,4.535,29.457
baseline,780,13.0,24.07,34.8,1.0,0.5,23.0,21.0,1.0,4.653,30.62
baseline,795,13.25,24.07,34.68,1.0,0.5,23.0,21.0,1.0,4.485,31.742
baseline,810,13.5,24.09,34.54,1.0,0.51,23.0,21.0,1.0,4.497,32.866
baseline,825,13.75,24.05,34.38,1.0,0.49,23.0,21.0,1.0,4.551,34.004
baseline,840,14.0,24.05,34.2,1.0,0.5,23.0,21.0,1.0,4.411,35.106
baseline,855,14.25,24.01,33.99,1.0,0.48,23.0,21.0,1.0,4.423,36.212
baseline,870,14.5,24.03,33.76,1.0,0.49,23.0,21.0,1.0,4.298,37.287
baseline,885,14.75,24.03,33.51,1.0,0.49,23.0,21.0,1.0,4.367,38.378
baseline,900,15.0,24.01,33.24,1.0,0.48,23.0,21.0,1.0,4.362,39.469
baseline,915,15.25,24.01,32.96,1.0,0.48,23.0,21.0,1.0,4.276,40.538
baseline,930,15.5,23.96,32.65,1.0,0.47,23.0,21.0,1.0,4.274,41.606
baseline,945,15.75,23.96,32.33,1.0,0.47,23.0,21.0,1.0,4.105,42.632
baseline,960,16.0,23.93,32.0,1.0,0.46,23.0,21.0,1.0,4.095,43.656
baseline,975,16.25,23.91,31.65,1.0,0.45,23.0,21.0,1.0,4.016,44.66
baseline,990,16.5,23.88,31.3,1.0,0.44,23.0,21.0,1.0,3.937,45.644
baseline,1005,16.75,23.88,30.93,1.0,0.44,23.0,21.0,1.0,3.833,46.603
baseline,1020,17.0,23.87,30.55,1.0,0.44,23.0,21.0,1.0,3.828,47.56
baseline,1035,17.25,23.82,30.17,1.0,0.42,23.0,21.0,1.0,3.784,48.506
baseline,1050,17.5,23.8,29.78,1.0,0.42,23.0,21.0,1.0,3.609,49.408
baseline,1065,17.75,23.74,29.39,1.0,0.4,23.0,21.0,1.0,3.545,50.294
baseline,1080,18.0,23.74,29.0,0.05,0.4,23.0,21.0,1.0,3.335,51.128
baseline,1095,18.25,24.03,28.61,0.05,0.49,26.0,16.0,1.0,0.75,51.315
baseline,1110,18.5,24.31,28.22,0.05,0.58,26.0,16.0,1.0,0.75,51.503
baseline,1125,18.75,24.54,27.83,0.05,0.65,26.0,16.0,1.0,0.75,51.69
baseline,1140,19.0,24.7,27.45,0.05,0.7,26.0,16.0,1.0,0.75,51.878
baseline,1155,19.25,24.85,27.07,0.05,0.75,26.0,16.0,1.0,0.75,52.065
baseline,1170,19.5,24.98,26.7,0.05,0.79,26.0,16.0,1.0,0.75,52.253
baseline,1185,19.75,25.05,26.35,0.05,0.82,26.0,16.0,1.0,0.75,52.44
baseline,1200,20.0,25.13,26.0,0.05,0.84,26.0,16.0,1.0,0.75,52.628
baseline,1215,20.25,25.17,25.67,0.05,0.85,26.0,16.0,1.0,0.75,52.815
baseline,1230,20.5,25.18,25.35,0.05,0.86,26.0,16.0,1.0,0.75,53.003
baseline,1245,20.75,25.18,25.04,0.05,0.86,26.0,16.0,1.0,0.75,53.19
baseline,1260,21.0,25.2,24.76,0.05,0.86,26.0,16.0,1.0,0.75,53.378
baseline,1275,21.25,25.17,24.49,0.05,0.85,26.0,16.0,1.0,0.75,53.565
baseline,1290,21.5,25.13,24.24,0.05,0.84,26.0,16.0,1.0,0.75,53.753
baseline,1305,21.75,25.09,24.01,0.05,0.83,26.0,16.0,1.0,0.75,53.94
baseline,1320,22.0,25.07,23.8,0.05,0.82,26.0,16.0,1.0,0.75,54.128
baseline,1335,22.25,24.99,23.62,0.05,0.8,26.0,16.0,1.0,0.75,54.315
baseline,1350,22.5,24.93,23.46,0.05,0.78,26.0,16.0,1.0,0.75,54.503
baseline,1365,22.75,24.87,23.32,0.05,0.76,26.0,16.0,1.0,0.75,54.69
baseline,1380,23.0,24.83,23.2,0.05,0.75,26.0,16.0,1.0,0.75,54.878
baseline,1395,23.25,24.78,23.12,0.05,0.73,26.0,16.0,1.0,0.75,55.065
baseline,1410,23.5,24.73,23.05,0.05,0.71,26.0,16.0,1.0,0.75,55.253
baseline,1425,23.75,24.65,23.01,0.05,0.69,26.0,16.0,1.0,0.75,55.44
baseline,1440,0.0,24.57,23.0,0.05,0.66,26.0,16.0,1.0,0.75,55.628
ai_driven,15,0.25,22.05,23.01,0.05,-0.14,27.5,16.5,0.3,0.02,0.005
ai_driven,30,0.5,22.09,23.05,0.05,-0.13,27.5,16.5,0.3,0.02,0.01
ai_driven,45,0.75,22.16,23.12,0.05,-0.11,27.5,16.5,0.3,0.02,0.015
ai_driven,60,1.0,22.2,23.2,0.05,-0.1,27.5,16.5,0.3,0.02,0.02
ai_driven,75,1.25,22.26,23.32,0.05,-0.08,27.5,16.5,0.3,0.02,0.025
ai_driven,90,1.5,22.32,23.46,0.05,-0.06,27.5,16.5,0.3,0.02,0.03
ai_driven,105,1.75,22.37,23.62,0.05,-0.04,27.5,16.5,0.3,0.02,0.035
ai_driven,120,2.0,22.44,23.8,0.05,-0.02,27.5,16.5,0.3,0.02,0.04
ai_driven,135,2.25,22.5,24.01,0.05,-0.0,27.5,16.5,0.3,0.02,0.046
ai_driven,150,2.5,22.58,24.24,0.05,0.03,27.5,16.5,0.3,0.02,0.051
ai_driven,165,2.75,22.65,24.49,0.05,0.05,27.5,16.5,0.3,0.02,0.056
ai_driven,180,3.0,22.73,24.76,0.05,0.07,27.5,16.5,0.3,0.02,0.061
ai_driven,195,3.25,22.84,25.04,0.05,0.11,27.5,16.5,0.3,0.02,0.066
ai_driven,210,3.5,22.99,25.35,0.05,0.16,27.5,16.5,0.3,0.02,0.071
ai_driven,225,3.75,23.1,25.67,0.05,0.19,27.5,16.5,0.3,0.02,0.076
ai_driven,240,4.0,23.22,26.0,0.05,0.23,27.5,16.5,0.3,0.02,0.081
ai_driven,255,4.25,23.38,26.35,0.05,0.28,27.5,16.5,0.3,0.02,0.086
ai_driven,270,4.5,23.57,26.7,0.05,0.34,27.5,16.5,0.3,0.02,0.091
ai_driven,285,4.75,23.75,27.07,0.05,0.4,27.5,16.5,0.3,0.02,0.096
ai_driven,300,5.0,23.92,27.45,0.05,0.46,27.5,16.5,0.3,0.02,0.101
ai_driven,315,5.25,24.14,27.83,0.05,0.53,27.5,16.5,0.3,0.02,0.106
ai_driven,330,5.5,24.32,28.22,0.05,0.58,27.5,16.5,0.3,0.02,0.111
ai_driven,345,5.75,24.55,28.61,0.05,0.66,27.5,16.5,0.3,0.02,0.116
ai_driven,360,6.0,24.75,29.0,0.05,0.72,27.5,16.5,0.3,0.02,0.121
ai_driven,375,6.25,24.96,29.39,0.05,0.79,27.5,16.5,0.3,0.02,0.127
ai_driven,390,6.5,25.17,29.78,0.05,0.86,27.5,16.5,0.3,0.02,0.132
ai_driven,405,6.75,25.41,30.17,0.05,0.93,27.5,16.5,0.3,0.02,0.137
ai_driven,420,7.0,25.68,30.55,0.05,1.02,27.5,16.5,0.3,0.02,0.142
ai_driven,435,7.25,25.92,30.93,0.05,1.09,27.5,16.5,0.3,0.02,0.147
ai_driven,450,7.5,26.19,31.3,0.05,1.18,27.5,16.5,0.3,0.02,0.152
ai_driven,465,7.75,26.47,31.65,0.05,1.27,27.5,16.5,0.3,0.02,0.157
ai_driven,480,8.0,26.74,32.0,1.0,1.36,27.5,16.5,0.3,0.02,0.162
ai_driven,495,8.25,26.0,32.33,1.0,1.12,22.8,20.5,1.0,6.75,1.849
ai_driven,510,8.5,25.28,32.65,1.0,0.89,22.8,20.5,1.0,6.75,3.537
ai_driven,525,8.75,24.61,32.96,1.0,0.68,22.8,20.5,1.0,6.75,5.224
ai_driven,540,9.0,24.0,33.24,1.0,0.48,22.8,20.5,1.0,6.75,6.912
ai_driven,555,9.25,23.85,33.51,1.0,0.43,22.8,20.5,1.0,4.965,8.153
ai_driven,570,9.5,23.81,33.76,1.0,0.42,22.8,20.5,1.0,4.414,9.257
ai_driven,585,9.75,23.96,33.99,1.0,0.47,23.0,19.5,0.6,3.004,10.008
ai_driven,600,10.0,24.02,34.2,1.0,0.49,23.0,19.5,0.75,3.67,10.925
ai_driven,615,10.25,23.88,34.38,1.0,0.44,22.8,20.5,1.0,5.009,12.177
ai_driven,630,10.5,23.86,34.54,1.0,0.43,22.8,20.5,1.0,4.544,13.313
ai_driven,645,10.75,23.89,34.68,1.0,0.44,22.8,20.5,1.0,4.447,14.425
ai_driven,660,11.0,23.9,34.8,1.0,0.45,22.8,20.5,1.0,4.559,15.565
ai_driven,675,11.25,23.88,34.88,1.0,0.44,22.8,20.5,1.0,4.587,16.712
ai_driven,690,11.5,23.9,34.95,1.0,0.45,22.8,20.5,1.0,4.518,17.841
ai_driven,705,11.75,23.9,34.99,1.0,0.45,22.8,20.5,1.0,4.588,18.988
ai_driven,720,12.0,23.93,35.0,1.0,0.46,22.8,20.5,1.0,4.604,20.139
ai_driven,735,12.25,23.92,34.99,1.0,0.46,22.8,20.5,1.0,4.688,21.311
ai_driven,750,12.5,23.89,34.95,1.0,0.45,22.8,20.5,1.0,4.677,22.48
ai_driven,765,12.75,23.93,34.88,1.0,0.46,22.8,20.5,1.0,4.58,23.625
ai_driven,780,13.0,23.88,34.8,1.0,0.44,22.8,20.5,1.0,4.698,24.8
ai_driven,795,13.25,23.88,34.68,1.0,0.44,22.8,20.5,1.0,4.53,25.932
ai_driven,810,13.5,23.9,34.54,1.0,0.45,22.8,20.5,1.0,4.542,27.068
ai_driven,825,13.75,23.86,34.38,1.0,0.43,22.8,20.5,1.0,4.596,28.217
ai_driven,840,14.0,23.86,34.2,1.0,0.44,22.8,20.5,1.0,4.455,29.331
ai_driven,855,14.25,23.83,33.99,1.0,0.42,22.8,20.5,1.0,4.468,30.448
ai_driven,870,14.5,23.85,33.76,1.0,0.43,22.8,20.5,1.0,4.343,31.533
ai_driven,885,14.75,23.84,33.51,1.0,0.43,22.8,20.5,1.0,4.412,32.636
ai_driven,900,15.0,23.82,33.24,1.0,0.42,22.8,20.5,1.0,4.407,33.738
ai_driven,915,15.25,23.97,32.96,1.0,0.47,23.0,19.5,0.6,3.033,34.496
ai_driven,930,15.5,23.95,32.65,1.0,0.46,23.0,19.5,0.75,3.702,35.422
ai_driven,945,15.75,23.81,32.33,1.0,0.42,22.8,20.5,1.0,4.776,36.616
ai_driven,960,16.0,23.75,32.0,1.0,0.4,22.8,20.5,1.0,4.272,37.684
ai_driven,975,16.25,23.87,31.65,1.0,0.44,23.0,19.5,0.6,2.801,38.384
ai_driven,990,16.5,23.87,31.3,1.0,0.44,23.0,19.5,0.6,3.216,39.188
ai_driven,1005,16.75,23.73,30.93,1.0,0.39,22.8,20.5,1.0,4.505,40.314
ai_driven,1020,17.0,23.69,30.55,1.0,0.38,22.8,20.5,1.0,4.005,41.316
ai_driven,1035,17.25,23.78,30.17,1.0,0.41,23.0,19.5,0.6,2.569,41.958
ai_driven,1050,17.5,23.79,29.78,1.0,0.41,23.0,19.5,0.6,2.889,42.68
ai_driven,1065,17.75,23.74,29.39,1.0,0.4,23.0,19.5,0.6,2.929,43.412
ai_driven,1080,18.0,23.74,29.0,0.05,0.4,23.0,19.5,0.6,2.742,44.098
ai_driven,1095,18.25,24.03,28.61,0.05,0.49,27.5,16.5,0.3,0.02,44.103
ai_driven,1110,18.5,24.31,28.22,0.05,0.58,27.5,16.5,0.3,0.02,44.108
ai_driven,1125,18.75,24.54,27.83,0.05,0.65,27.5,16.5,0.3,0.02,44.113
ai_driven,1140,19.0,24.7,27.45,0.05,0.7,27.5,16.5,0.3,0.02,44.118
ai_driven,1155,19.25,24.85,27.07,0.05,0.75,27.5,16.5,0.3,0.02,44.123
ai_driven,1170,19.5,24.98,26.7,0.05,0.79,27.5,16.5,0.3,0.02,44.128
ai_driven,1185,19.75,25.05,26.35,0.05,0.82,27.5,16.5,0.3,0.02,44.133
ai_driven,1200,20.0,25.13,26.0,0.05,0.84,27.5,16.5,0.3,0.02,44.138
ai_driven,1215,20.25,25.17,25.67,0.05,0.85,27.5,16.5,0.3,0.02,44.143
ai_driven,1230,20.5,25.18,25.35,0.05,0.86,27.5,16.5,0.3,0.02,44.148
ai_driven,1245,20.75,25.18,25.04,0.05,0.86,27.5,16.5,0.3,0.02,44.153
ai_driven,1260,21.0,25.2,24.76,0.05,0.86,27.5,16.5,0.3,0.02,44.158
ai_driven,1275,21.25,25.17,24.49,0.05,0.85,27.5,16.5,0.3,0.02,44.163
ai_driven,1290,21.5,25.13,24.24,0.05,0.84,27.5,16.5,0.3,0.02,44.168
ai_driven,1305,21.75,25.09,24.01,0.05,0.83,27.5,16.5,0.3,0.02,44.174
ai_driven,1320,22.0,25.07,23.8,0.05,0.82,27.5,16.5,0.3,0.02,44.179
ai_driven,1335,22.25,24.99,23.62,0.05,0.8,27.5,16.5,0.3,0.02,44.184
ai_driven,1350,22.5,24.93,23.46,0.05,0.78,27.5,16.5,0.3,0.02,44.189
ai_driven,1365,22.75,24.87,23.32,0.05,0.76,27.5,16.5,0.3,0.02,44.194
ai_driven,1380,23.0,24.83,23.2,0.05,0.75,27.5,16.5,0.3,0.02,44.199
ai_driven,1395,23.25,24.78,23.12,0.05,0.73,27.5,16.5,0.3,0.02,44.204
ai_driven,1410,23.5,24.73,23.05,0.05,0.71,27.5,16.5,0.3,0.02,44.209
ai_driven,1425,23.75,24.65,23.01,0.05,0.69,27.5,16.5,0.3,0.02,44.214
ai_driven,1440,0.0,24.57,23.0,0.05,0.66,27.5,16.5,0.3,0.02,44.219
